GRAPE,3,7.5
RASPBERRY,1,392551.69999999896
RASPBERRY,2,409661.51999999845
STRAWBERRY,1,315902.6499999991
LEMON,3,765942.5799999968
LEMON,2,550940.8499999985
RASPBERRY,3,587522.5599999987
STRAWBERRY,2,345518.3999999992
STRAWBERRY,3,475032.1799999984
LEMON,1,505845.21999999875
